taxon;biogeographicOrigin;conversionFactorForBiomassEstimation;bibliographicCitation;occurrenceRemarks;planktonType
Acartia longiremis;Arctic;0.0099;https://doi.org/10.1007/978-3-319-46425-1_7;;holoplankton
Aeginopsis laurentii 0–5 mm;Both;0.2628;https://doi.org/10.1007/978-3-319-46425-1_7;;holoplankton
Aetideidae CI–CIII;Unknown;0.0696;https://doi.org/10.1007/978-3-319-46425-1_7;;holoplankton
Aetideopsis minor CIV–CVI;Both;0.1325;https://doi.org/10.1007/978-3-319-46425-1_7;;holoplankton
Aetideopsis rostrata CIV–CVI;Arctic;0.2346;https://doi.org/10.1007/978-3-319-46425-1_7;;holoplankton
Aetideus armatus CIV–CVI;Atlantic;0.121;https://doi.org/10.1007/978-3-319-46425-1_7;;holoplankton
Aglantha digitale 0–5 mm;Arctic;0.045;https://doi.org/10.1007/978-3-319-46425-1_7;;holoplankton
Aglantha digitale 5–15 mm;Arctic;1.4898;https://doi.org/10.1007/978-3-319-46425-1_7;;holoplankton
Amphipoda;Unknown;4.1089;https://doi.org/10.1007/978-3-319-46425-1_7;;holoplankton
Apherusa glacialis;Arctic;3.8947;https://doi.org/10.1007/978-3-319-46425-1_7;;holoplankton
Augaptilus glacialis;Both;0.6922;https://doi.org/10.1007/978-3-319-46425-1_7;;holoplankton
Beroe cucumis;Both;0.56;https://doi.org/10.1007/978-3-319-46425-1_7;;holoplankton
Bivalvia veliger;Unknown;0.004;https://doi.org/10.1007/978-3-319-46425-1_7;;meroplankton
Bopyridae;Unknown;0.019;https://doi.org/10.1007/978-3-319-46425-1_7;;holoplankton
Boreomysis arctica;Arctic;1.2253;https://doi.org/10.1007/978-3-319-46425-1_7;;holoplankton
Botrynema ellinorae;Arctic;2.1767;https://doi.org/10.1007/978-3-319-46425-1_7;;holoplankton
Bougainvillia spp.;Arctic;2.0551;https://doi.org/10.1007/978-3-319-46425-1_7;;holoplankton
Bradyidius similis CIV–CVI;Arctic;0.111;https://doi.org/10.1007/978-3-319-46425-1_7;;holoplankton
Bryozoa larvae;Unknown;0.001;https://doi.org/10.1007/978-3-319-46425-1_7;;meroplankton
Calanus finmarchicus AF;Atlantic;0.2822;https://doi.org/10.1007/978-3-319-46425-1_7;;holoplankton
Calanus finmarchicus AM;Atlantic;0.2139;https://doi.org/10.1007/978-3-319-46425-1_7;;holoplankton
Calanus finmarchicus CI;Atlantic;0.0051;https://doi.org/10.1007/978-3-319-46425-1_7;;holoplankton
Calanus finmarchicus CII;Atlantic;0.011;https://doi.org/10.1007/978-3-319-46425-1_7;;holoplankton
Calanus finmarchicus CIII;Atlantic;0.0295;https://doi.org/10.1007/978-3-319-46425-1_7;;holoplankton
Calanus finmarchicus CIV;Atlantic;0.0745;https://doi.org/10.1007/978-3-319-46425-1_7;;holoplankton
Calanus finmarchicus CV;Atlantic;0.2139;https://doi.org/10.1007/978-3-319-46425-1_7;;holoplankton
Calanus glacialis AF;Arctic;1.303;https://doi.org/10.1007/978-3-319-46425-1_7;;holoplankton
Calanus glacialis AM;Arctic;0.6201;https://doi.org/10.1007/978-3-319-46425-1_7;;holoplankton
Calanus glacialis CI;Arctic;0.009;https://doi.org/10.1007/978-3-319-46425-1_7;;holoplankton
Calanus glacialis CII;Arctic;0.0216;https://doi.org/10.1007/978-3-319-46425-1_7;;holoplankton
Calanus glacialis CIII;Arctic;0.0618;https://doi.org/10.1007/978-3-319-46425-1_7;;holoplankton
Calanus glacialis CIV;Arctic;0.1979;https://doi.org/10.1007/978-3-319-46425-1_7;;holoplankton
Calanus glacialis CV;Arctic;0.6201;https://doi.org/10.1007/978-3-319-46425-1_7;;holoplankton
Calanus hyperboreus AF;Arctic;3.2932;https://doi.org/10.1007/978-3-319-46425-1_7;;holoplankton
Calanus hyperboreus AM;Arctic;1.2093;https://doi.org/10.1007/978-3-319-46425-1_7;;holoplankton
Calanus hyperboreus CI;Arctic;0.0108;https://doi.org/10.1007/978-3-319-46425-1_7;;holoplankton
Calanus hyperboreus CII;Arctic;0.0293;https://doi.org/10.1007/978-3-319-46425-1_7;;holoplankton
Calanus hyperboreus CIII;Arctic;0.1121;https://doi.org/10.1007/978-3-319-46425-1_7;;holoplankton
Calanus hyperboreus CIV;Arctic;0.3784;https://doi.org/10.1007/978-3-319-46425-1_7;;holoplankton
Calanus hyperboreus CV;Arctic;1.2093;https://doi.org/10.1007/978-3-319-46425-1_7;;holoplankton
Ce-ass Dimophyes arctica;Arctic;10.3325;https://doi.org/10.1007/978-3-319-46425-1_7;;holoplankton
Chiridius obtusifrons CIV–CVI;Both;0.2821;https://doi.org/10.1007/978-3-319-46425-1_7;;holoplankton
Cirripedia cypris;Unknown;0.012;https://doi.org/10.1007/978-3-319-46425-1_7;;meroplankton
Cirripedia nauplii;Unknown;0.012;https://doi.org/10.1007/978-3-319-46425-1_7;;meroplankton
Clione limacina 0–5 mm;Both;2.8607;https://doi.org/10.1007/978-3-319-46425-1_7;;holoplankton
Clione limacina 5–10 mm;Both;3.5494;https://doi.org/10.1007/978-3-319-46425-1_7;;holoplankton
Clione limacina veliger;Both;2.6146;https://doi.org/10.1007/978-3-319-46425-1_7;;holoplankton
Copepoda nauplii;Unknown;0.0045;https://doi.org/10.1007/978-3-319-46425-1_7;;holoplankton
Ctenophora larvae;Unknown;0.0019;https://doi.org/10.1007/978-3-319-46425-1_7;;holoplankton
Cumacea;Unknown;0.9571;https://doi.org/10.1007/978-3-319-46425-1_7;;holoplankton
Cyclocaris guilelmi;Arctic;1.4412;https://doi.org/10.1007/978-3-319-46425-1_7;;holoplankton
Decapoda zoea;Unknown;0.0577;https://doi.org/10.1093/icesjms/fsaf184;from Caridea zoea;meroplankton
Decapoda larvae;Unknown;1.1897;https://doi.org/10.1007/978-3-319-46425-1_7;;meroplankton
Disco sp. CIV–CVI;Unknown;0.001;https://doi.org/10.1007/978-3-319-46425-1_7;;holoplankton
Echinodermata larvae;Unknown;0.001;https://doi.org/10.1007/978-3-319-46425-1_7;;meroplankton
Eukrohnia hamata;Both;1.8463;https://doi.org/10.1007/978-3-319-46425-1_7;;holoplankton
Eukrohnia hamata 0–5 mm;Both;0.0057;https://doi.org/10.1007/978-3-319-46425-1_7;;holoplankton
Eukrohnia hamata 10–20 mm;Both;0.9266;https://doi.org/10.1007/978-3-319-46425-1_7;;holoplankton
Eukrohnia hamata 20–30 mm;Both;6.3154;https://doi.org/10.1007/978-3-319-46425-1_7;;holoplankton
Eukrohnia hamata 5–10 mm;Both;0.1377;https://doi.org/10.1007/978-3-319-46425-1_7;;holoplankton
Euphausiacea calyptopis;Unknown;0.0948;https://doi.org/10.1007/978-3-319-46425-1_7;;holoplankton
Euphausiacea furcilia 0–5 mm;Unknown;0.3413;https://doi.org/10.1007/978-3-319-46425-1_7;;holoplankton
Euphausiacea furcilia 5–10 mm;Unknown;0.6614;https://doi.org/10.1007/978-3-319-46425-1_7;;holoplankton
Euphausiacea nauplii;Unknown;0.004;https://doi.org/10.1007/978-3-319-46425-1_7;;holoplankton
Euphysa flammea;Atlantic;0.0779;https://doi.org/10.1093/icesjms/fsaf184;assumed from 0-5 mm plotocnide borealis (Hop et al. value for Euphysa flammea (6 mm): 2.1767 mg, Arctic);holoplankton
Eusergestes arcticus zoea;Both;0.0713;https://doi.org/10.1007/978-3-319-46425-1_7;;holoplankton
Eusirus holmii;Arctic;4.3022;https://doi.org/10.1007/978-3-319-46425-1_7;;holoplankton
Evadne nordmanni;Atlantic;0.0025;https://doi.org/10.1007/978-3-319-46425-1_7;;holoplankton
Facetotecta nauplii;Unknown;0.012;https://doi.org/10.1007/978-3-319-46425-1_7;;meroplankton
Fritillaria borealis;Both;0.0014;https://doi.org/10.1007/978-3-319-46425-1_7;;holoplankton
Gaetanus brevispinus CI-III;Both;0.0696;https://doi.org/10.1093/icesjms/fsaf184;assumed from aetitidae CI-CIII;holoplankton
Gaetanus brevispinus CIV–CVI;Both;0.3392;https://doi.org/10.1007/978-3-319-46425-1_7;;holoplankton
Gaetanus tenuispinus CIV–CVI;Both;0.1082;https://doi.org/10.1007/978-3-319-46425-1_7;;holoplankton
Gastropoda veliger;Unknown;0.0043;https://doi.org/10.1093/icesjms/fsaf184;assumed from Limacina spp. Veliger (Hop et al. values: Gastropoda veliger 0.2570 mg, Unknown, and Gastropoda veliger (cf. Margarites) velutina 0.0740 mg, Unknown);meroplankton
Halitholus cirratus;Arctic;0.305;https://doi.org/10.1007/978-3-319-46425-1_7;;holoplankton
Harpacticoida;Unknown;0.007;https://doi.org/10.1007/978-3-319-46425-1_7;;holoplankton
Heterorhabdus norvegicus;Arctic;0.1595;https://doi.org/10.1007/978-3-319-46425-1_7;;holoplankton
Homeognathia brevis;Atlantic;0.0069;https://doi.org/10.1007/978-3-319-46425-1_7;;holoplankton
Hyas araneus megalopa;Arctic;0.45;https://doi.org/10.1007/978-3-319-46425-1_7;;meroplankton
Hyas araneus zoea;Arctic;0.25;https://doi.org/10.1007/978-3-319-46425-1_7;;meroplankton
Hydrozoa larvae;Unknown;0.0019;https://doi.org/10.1007/978-3-319-46425-1_7;;holoplankton
Hydrozoa medusae indet.;Unknown;2.1767;https://doi.org/10.1007/978-3-319-46425-1_7;;holoplankton
Hymenodora glacialis;Arctic;7.9846;https://doi.org/10.1007/978-3-319-46425-1_7;;holoplankton
Hyperia galba;Atlantic;0.9042;https://doi.org/10.1007/978-3-319-46425-1_7;;holoplankton
Hyperia medusarum;Atlantic;0.9042;https://doi.org/10.1007/978-3-319-46425-1_7;;holoplankton
Hyperiidae;Unknown;0.5715;https://doi.org/10.1007/978-3-319-46425-1_7;;holoplankton
Hyperoche medusarum;Atlantic;0.9042;https://doi.org/10.1007/978-3-319-46425-1_7;;holoplankton
Isopoda;Unknown;0.019;https://doi.org/10.1007/978-3-319-46425-1_7;;holoplankton
Jashnovia brevis;Arctic;0.0787;https://doi.org/10.1093/icesjms/fsaf184;;holoplankton
Limacina helicina 0–5 mm;Both;0.8013;https://doi.org/10.1007/978-3-319-46425-1_7;;holoplankton
Limacina helicina 5–10 mm;Both;3.1325;https://doi.org/10.1007/978-3-319-46425-1_7;;holoplankton
Limacina helicina veliger;Both;0.0043;https://doi.org/10.1093/icesjms/fsaf184;assumed from Limacina spp. Veliger (Hop et al. value for Limacina helicina veliger: 0.2570 mg, Both);holoplankton
Limacina retroversa 0–5 mm;Atlantic;0.8013;https://doi.org/10.1007/978-3-319-46425-1_7;;holoplankton
Limacina retroversa 5–10 mm;Atlantic;3.1325;https://doi.org/10.1007/978-3-319-46425-1_7;;holoplankton
Meganyctiphanes norvegica;Atlantic;2.4315;https://doi.org/10.1007/978-3-319-46425-1_7;;holoplankton
Mertensia ovum;Both;1.6063;https://doi.org/10.1007/978-3-319-46425-1_7;;holoplankton
Mesaiokeras spitsbergensis;Arctic;0.0164;https://doi.org/10.1007/978-3-319-46425-1_7;;holoplankton
Metridia longa AF;Both;0.287;https://doi.org/10.1007/978-3-319-46425-1_7;;holoplankton
Metridia longa AM;Both;0.137;https://doi.org/10.1007/978-3-319-46425-1_7;;holoplankton
Metridia longa CI;Both;0.003;https://doi.org/10.1007/978-3-319-46425-1_7;;holoplankton
Metridia longa CII;Both;0.007;https://doi.org/10.1007/978-3-319-46425-1_7;;holoplankton
Metridia longa CIII;Both;0.016;https://doi.org/10.1007/978-3-319-46425-1_7;;holoplankton
Metridia longa CIV;Both;0.034;https://doi.org/10.1007/978-3-319-46425-1_7;;holoplankton
Metridia longa CV;Both;0.12;https://doi.org/10.1007/978-3-319-46425-1_7;;holoplankton
Metridia lucens AF;Atlantic;0.0295;https://doi.org/10.1093/icesjms/fsaf184;assumed from stage CV;holoplankton
Metridia lucens AM;Atlantic;0.0295;https://doi.org/10.1093/icesjms/fsaf184;;holoplankton
Metridia lucens CIV-V;Atlantic;0.0295;https://doi.org/10.1093/icesjms/fsaf184;;holoplankton
Microcalanus spp. AF;Both;0.007;https://doi.org/10.1093/icesjms/fsaf184;;holoplankton
Microcalanus spp. AM;Both;0.007;https://doi.org/10.1093/icesjms/fsaf184;;holoplankton
Microcalanus spp. CIV;Both;0.0022;https://doi.org/10.1093/icesjms/fsaf184;;holoplankton
Microcalanus spp. CV;Both;0.0034;https://doi.org/10.1093/icesjms/fsaf184;;holoplankton
Microcalanus spp. CI-CV;Both;0.002;https://doi.org/10.1093/icesjms/fsaf184;;holoplankton
Microcalanus spp. CI-CIII;Both;0.0017;https://doi.org/10.1093/icesjms/fsaf184;;holoplankton
Microsetella norvegica;Atlantic;0.0011;https://doi.org/10.1007/978-3-319-46425-1_7;;holoplankton
Monstrilloida AF;Unknown;0.0595;https://doi.org/10.1007/978-3-319-46425-1_7;;holoplankton
Mysidae;Unknown;1.2253;https://doi.org/10.1007/978-3-319-46425-1_7;;holoplankton
Nanomia cara;Arctic;3.7958;https://doi.org/10.1007/978-3-319-46425-1_7;;holoplankton
Nemertea pilidium;Unknown;0.001;https://doi.org/10.1007/978-3-319-46425-1_7;;meroplankton
Neomormonilla minor CV–CIV;Atlantic;0.0167;https://doi.org/10.1007/978-3-319-46425-1_7;;holoplankton
Neoscolecithrix farrani;Atlantic;0.0285;https://doi.org/10.1007/978-3-319-46425-1_7;;holoplankton
Oikopleura spp.;Unknown;0.6659;https://doi.org/10.1007/978-3-319-46425-1_7;;holoplankton
Oikopleura spp. 0–5 mm;Unknown;0.001;https://doi.org/10.1007/978-3-319-46425-1_7;;holoplankton
Oikopleura spp. 10–20 mm;Unknown;0.4288;https://doi.org/10.1007/978-3-319-46425-1_7;;holoplankton
Oikopleura spp. 20–30 mm;Unknown;2.1989;https://doi.org/10.1007/978-3-319-46425-1_7;;holoplankton
Oikopleura spp. 5–10 mm;Unknown;0.035;https://doi.org/10.1007/978-3-319-46425-1_7;;holoplankton
Oithona atlantica CVI;Atlantic;0.0069;https://doi.org/10.1007/s00300-004-0680-7;;holoplankton
Oithona atlantica CV;Atlantic;0.003312;https://doi.org/10.1007/s00300-004-0680-7;;holoplankton
Oithona atlantica CIV;Atlantic;0.0022;https://doi.org/10.1007/978-3-319-46425-1_7;;holoplankton
Oithona atlantica CI-CIII;Atlantic;0.006;https://doi.org/10.1093/icesjms/fsaf184;Oithona spp. CI - CIII;holoplankton
Oithona similis CVI;Both;0.0025;https://doi.org/10.1093/icesjms/fsaf184;Oithona similis AF;holoplankton
Oithona similis CV;Both;0.0012;https://doi.org/10.1093/icesjms/fsaf184;;holoplankton
Oithona similis CIV;Both;0.0008;https://doi.org/10.1093/icesjms/fsaf184;;holoplankton
Oithona similis CIV-CV;Both;0.0013;https://doi.org/10.1007/s00300-004-0680-7;Oithona similis CI-CIII;holoplankton
Oithona similis CI-CIII;Both;0.0006;https://doi.org/10.1007/s00300-004-0680-7;;holoplankton
Oncaea parila AF;Arctic;0.0025;https://doi.org/10.1007/978-3-319-46425-1_7;;holoplankton
Oncaea spp. CI–CV;Unknown;0.000866667;https://doi.org/10.1007/978-3-319-46425-1_7;average from Oncaeidae indet CI _CV;holoplankton
Oncaea spp. AF;Unknown;0.002;https://doi.org/10.1007/978-3-319-46425-1_7;;holoplankton
Onisimus glacialis;Arctic;6.7962;https://doi.org/10.1007/978-3-319-46425-1_7;;holoplankton
Onisimus spp.;Arctic;0.227;https://doi.org/10.1007/978-3-319-46425-1_7;;holoplankton
Ostracoda 0–1 mm;Unknown;0.0136;https://doi.org/10.1007/978-3-319-46425-1_7;;holoplankton
Ostracoda 1–2 mm;Unknown;0.0438;https://doi.org/10.1007/978-3-319-46425-1_7;;holoplankton
Ostracoda 2–3 mm;Unknown;0.2666;https://doi.org/10.1007/978-3-319-46425-1_7;;holoplankton
Ostracoda 3–5 mm;Unknown;0.429;https://doi.org/10.1007/978-3-319-46425-1_7;;holoplankton
Pagurus pubescens megalopa;Arctic;0.69;https://doi.org/10.1007/978-3-319-46425-1_7;;meroplankton
Pagurus pubescens zoea;Arctic;0.63;https://doi.org/10.1007/978-3-319-46425-1_7;;meroplankton
Pandalus borealis zoea;Both;4.3669;https://doi.org/10.1007/978-3-319-46425-1_7;;meroplankton
Paraeuchaeta barbata AF;Atlantic;9.056;https://doi.org/10.1007/978-3-319-46425-1_7;;holoplankton
Paraeuchaeta glacialis AF;Arctic;5.907;https://doi.org/10.1007/978-3-319-46425-1_7;;holoplankton
Paraeuchaeta norvegica CIV;Atlantic;0.3775;https://doi.org/10.1093/icesjms/fsaf184;from Paraeuchaeta spp. CIV;holoplankton
Paraeuchaeta norvegica CV;Atlantic;1.7155;https://doi.org/10.1093/icesjms/fsaf184;;holoplankton
Paraeuchaeta norvegica AF;Atlantic;4.6717;https://doi.org/10.1007/978-3-319-46425-1_7;;holoplankton
Paraeuchaeta spp. AM;Both;1.7892;https://doi.org/10.1007/978-3-319-46425-1_7;;holoplankton
Paraeuchaeta spp. CI;Both;0.0384;https://doi.org/10.1007/978-3-319-46425-1_7;;holoplankton
Paraeuchaeta spp. CII;Both;0.0485;https://doi.org/10.1007/978-3-319-46425-1_7;;holoplankton
Paraeuchaeta spp. CIII;Both;0.1215;https://doi.org/10.1007/978-3-319-46425-1_7;;holoplankton
Paraeuchaeta spp. CIV;Both;0.3775;https://doi.org/10.1007/978-3-319-46425-1_7;;holoplankton
Paraeuchaeta spp. CV;Both;1.6813;https://doi.org/10.1007/978-3-319-46425-1_7;;holoplankton
Paraheterorhabdus compactus CIV–CVI;Both;0.0951;https://doi.org/10.1007/978-3-319-46425-1_7;;holoplankton
Parasagitta elegans;Both;1.3572;https://doi.org/10.1007/978-3-319-46425-1_7;;holoplankton
Parasagitta elegans 0–5 mm;Both;0.0039;https://doi.org/10.1007/978-3-319-46425-1_7;;holoplankton
Parasagitta elegans 10–20 mm;Unknown;0.2332;https://doi.org/10.1007/978-3-319-46425-1_7;affinity as reported in Hop et al. 2019b;holoplankton
Parasagitta elegans 20–25 mm;Unknown;1.0556;https://doi.org/10.1007/978-3-319-46425-1_7;affinity as reported in Hop et al. 2019b;holoplankton
Parasagitta elegans 5–10 mm;Both;0.0575;https://doi.org/10.1007/978-3-319-46425-1_7;;holoplankton
Pelagobia sp.;Atlantic;0.1131;https://doi.org/10.1007/978-3-319-46425-1_7;;holoplankton
Pisces larvae;Unknown;6.378;https://doi.org/10.1007/978-3-319-46425-1_7;;holoplankton
Pleuromamma robusta AF;Atlantic;0.17;https://doi.org/10.1007/978-3-319-46425-1_7;;holoplankton
Plotocnide borealis;Arctic;0.0779;https://doi.org/10.1093/icesjms/fsaf184;size class 0-5 mm;holoplankton
Polychaeta adult;Unknown;0.4492;https://doi.org/10.1007/978-3-319-46425-1_7;treated as meroplankton: unidentified polychaetes are mostly larvae (Tomopteris is counted separately as holoplankton);meroplankton
Polychaeta metatrochophora;Unknown;0.0016;https://doi.org/10.1007/978-3-319-46425-1_7;;meroplankton
Polychaeta mitraria;Unknown;0.0052;https://doi.org/10.1007/978-3-319-46425-1_7;;meroplankton
Polychaeta secondary;Unknown;0.0019;https://doi.org/10.1007/978-3-319-46425-1_7;;meroplankton
Polychaeta trochophora;Unknown;0.0009;https://doi.org/10.1007/978-3-319-46425-1_7;;meroplankton
Pseudocalanus acuspes AF;Arctic;0.0131;https://doi.org/10.1007/978-3-319-46425-1_7;;holoplankton
Pseudocalanus minutus AF;Arctic;0.0146;https://doi.org/10.1007/978-3-319-46425-1_7;;holoplankton
Pseudocalanus spp. AF;Both;0.011;https://doi.org/10.1093/icesjms/fsaf184;;holoplankton
Pseudocalanus spp. AM;Both;0.012;https://doi.org/10.1007/978-3-319-46425-1_7;;holoplankton
Pseudocalanus spp. CI;Both;0.0006;https://doi.org/10.1007/978-3-319-46425-1_7;;holoplankton
Pseudocalanus spp. CII;Both;0.0015;https://doi.org/10.1007/978-3-319-46425-1_7;;holoplankton
Pseudocalanus spp. CIII;Both;0.0032;https://doi.org/10.1007/978-3-319-46425-1_7;;holoplankton
Pseudocalanus spp. CIV;Both;0.0051;https://doi.org/10.1007/978-3-319-46425-1_7;;holoplankton
Pseudocalanus spp. CV;Both;0.0086;https://doi.org/10.1007/978-3-319-46425-1_7;;holoplankton
Pseudochirella spectabilis CIV–CVI;Both;1.156;https://doi.org/10.1007/978-3-319-46425-1_7;;holoplankton
Pseudomma truncatum;Both;1.2253;https://doi.org/10.1007/978-3-319-46425-1_7;;holoplankton
Pseudosagitta maxima;Unknown;25.869;https://doi.org/10.1007/978-3-319-46425-1_7;;holoplankton
Rhincalanus nasutus CIV–CVI;Atlantic;0.4116;https://doi.org/10.1007/978-3-319-46425-1_7;;holoplankton
Sabinea septemcarinata zoea;Both;0.9571;https://doi.org/10.1007/978-3-319-46425-1_7;;meroplankton
Sarsia sp.;Both;2.1767;https://doi.org/10.1007/978-3-319-46425-1_7;;holoplankton
Scaphocalanus brevicornis;Both;0.0333;https://doi.org/10.1007/978-3-319-46425-1_7;;holoplankton
Scaphocalanus magnus;Both;0.1593;https://doi.org/10.1007/978-3-319-46425-1_7;;holoplankton
Scina borealis;Atlantic;0.5715;https://doi.org/10.1007/978-3-319-46425-1_7;;holoplankton
Scolecithricella minor;Both;0.0243;https://doi.org/10.1007/978-3-319-46425-1_7;;holoplankton
Scyphozoa larvae;Unknown;0.56;https://doi.org/10.1007/978-3-319-46425-1_7;;holoplankton
Siphonophora;Unknown;3.7958;https://doi.org/10.1007/978-3-319-46425-1_7;;holoplankton
Spinocalanus antarcticus;Arctic;0.0439;https://doi.org/10.1007/978-3-319-46425-1_7;;holoplankton
Spinocalanus horridus CIV–CVI;Arctic;0.089;https://doi.org/10.1007/978-3-319-46425-1_7;;holoplankton
Spinocalanus longicornis A;Both;0.017;https://doi.org/10.1007/978-3-319-46425-1_7;;holoplankton
Spinocalanus spp. CI-CVI;Unknown;0.0167;https://doi.org/10.1007/978-3-319-46425-1_7;;holoplankton
Temorites brevis;Both;0.0378;https://doi.org/10.1007/978-3-319-46425-1_7;;holoplankton
Tharybidae CIV–CVI;Unknown;0.0186;https://doi.org/10.1007/978-3-319-46425-1_7;;holoplankton
Tharybis groenlandicus A;Arctic;0.02;https://doi.org/10.1007/978-3-319-46425-1_7;;holoplankton
Themisto abyssorum 0–5 mm;Atlantic;0.3111;https://doi.org/10.1007/978-3-319-46425-1_7;;holoplankton
Themisto abyssorum 5–10 mm;Atlantic;1.4511;https://doi.org/10.1007/978-3-319-46425-1_7;;holoplankton
Themisto libellula 0–5 mm;Arctic;3.8988;https://doi.org/10.1007/978-3-319-46425-1_7;;holoplankton
Themisto libellula 5–10 mm;Arctic;9.5337;https://doi.org/10.1007/978-3-319-46425-1_7;;holoplankton
Thysanoessa inermis;Both;2.4315;https://doi.org/10.1007/978-3-319-46425-1_7;;holoplankton
Thysanoessa longicaudata;Atlantic;2.3183;https://doi.org/10.1007/978-3-319-46425-1_7;;holoplankton
Thysanoessa raschii;Both;2.633;https://doi.org/10.1007/978-3-319-46425-1_7;;holoplankton
Tomopteris spp.;Atlantic;0.5382;https://doi.org/10.1007/978-3-319-46425-1_7;;holoplankton
Triconia borealis AF;Arctic;0.002;https://doi.org/10.1007/978-3-319-46425-1_7;;holoplankton
Triconia conifera AF;Atlantic;0.015;https://doi.org/10.1007/978-3-319-46425-1_7;;holoplankton
Triconia spp. CI–CV;Unknown;0.002;https://doi.org/10.1007/978-3-319-46425-1_7;;holoplankton
Tunicata larvae;Unknown;0.001;https://doi.org/10.1007/978-3-319-46425-1_7;;holoplankton
Turbellaria;Unknown;indet;;;holoplankton
Typhloscolecidae;Unknown;0.113;https://doi.org/10.1007/978-3-319-46425-1_7;;holoplankton
Undinella oblonga CIV–CVI;Both;0.044;https://doi.org/10.1007/978-3-319-46425-1_7;;holoplankton
Xantharus siedleckii;Arctic;0.0239;https://doi.org/10.1007/978-3-319-46425-1_7;;holoplankton
